model,prompt_variant,n,syllable_l1_error_mean,syllable_perfect_rate,line_count_ok_rate,subject_cosine_full_mean,subject_cosine_word_sum_mean,subject_mentioned_rate,cosine_full_minus_word_sum_mean
gpt-4o-mini-demo,natural,12,4.833333333333333,0.0,1.0,0.31783690806346304,0.5248815238719994,0.0,-0.2070446158085363
gpt-4o-mini-demo,strict,12,4.833333333333333,0.0,1.0,0.31783690806346304,0.5248815238719994,0.0,-0.2070446158085363
gpt-4o-demo,natural,12,2.6666666666666665,0.0,1.0,0.30238502191759326,0.5239953008023776,0.0,-0.22161027888478427
gpt-4o-demo,strict,12,2.6666666666666665,0.0,1.0,0.30238502191759326,0.5239953008023776,0.0,-0.22161027888478427
